user,changesets,total_objects,avg_objects_per_cs,buildings,highways,landuse,amenities,waterways,naturals
mcheckimport,1.778,1.316.707,740.6,31.370,20.542,10.810,1.548,832,2.169
mcheck,1.711,676.125,395.2,41.584,19.565,4.706,1.864,709,631
Max Tenerelli,979,645.062,658.9,540,8.613,3.522,234,534,8.623
dan980,598,612.899,1024.9,7.834,41.660,5.063,703,10.583,319
IlBano,789,547.493,693.9,43.487,29.393,1.092,562,683,602
Michele Aquilani,1.170,515.724,440.8,61.646,9.631,789,1.232,129,1.050
aldoct,3.660,450.465,123.1,2.528,29.508,814,488,4.621,1.449
Alecs01,1.216,392.626,322.9,51.442,16.386,6.212,5.292,414,4.897
Pab09,822,351.207,427.3,40.216,5.836,505,531,164,120
billi55,21.547,339.620,15.8,7.072,1.773,13.123,701,48,45.545
fayor,466,338.125,725.6,8.499,19.951,535,922,464,917
Ale_Zena_IT,2.181,318.844,146.2,6.541,31.117,216,2.310,124,299
JPMichael,686,278.952,406.6,35.648,276,366,256,1,31
sorcrosc,1.831,269.233,147.0,4.252,28.140,828,1.711,153,166
PMJx,351,247.141,704.1,1.714,7.692,2.544,367,34,11.371
achim becker,2.345,243.676,103.9,561,977,2.205,134,1.166,12.016
Dino Michelini,834,218.947,262.5,10.823,9.004,1.836,498,224,976
pikappa79,507,213.533,421.2,5.558,4.303,2.266,647,1.091,3.101
Davide_sd,471,210.433,446.8,39,11.539,105,53,42,25
Andrea Musuruane import,39,209.827,5380.2,20.845,721,16,203,5,16
fedc,2.608,209.574,80.4,2.758,16.680,3.724,782,1.142,841
corfede,1.057,184.099,174.2,11.891,15.952,1.041,1.295,139,535
Fra00,1.197,171.094,142.9,5.305,13.273,771,532,74,220
Francoerbi41,4.380,168.120,38.4,1.765,12.181,637,1.918,6.868,713
user_8331873,370,153.054,413.7,15.274,4.343,781,380,42,1.379
cxc,2.823,152.596,54.1,6.192,8.427,860,905,326,754
ProvinciaBiella_import,43,151.312,3518.9,15.929,654,100,242,20,46
Marco_Fix,275,146.958,534.4,7.059,10.602,229,1.078,427,149
demon_box,8.653,140.737,16.3,11.274,12.673,2.151,3.867,6.484,3.343
gpstracks,302,110.715,366.6,153,2.230,424,101,303,851
roys2728,465,108.402,233.1,7.972,3.878,3.734,135,771,153
Martin Borsje,400,100.176,250.4,514,275,559,29,4.569,291
Junk_GNC,317,98.110,309.5,141,393,3.366,30,33,1.922
Pedisa,387,89.283,230.7,5.360,3.425,395,277,62,114
Wolfking7C4,397,86.677,218.3,8.953,5.668,290,337,3,234
Riccardo Pastocchi,1.195,86.596,72.5,7.899,5.488,118,1.056,4,380
Leonorf,746,85.925,115.2,4,3.161,49,7,15,26
usbe,1.959,85.464,43.6,3.426,6.649,390,594,142,244
procuste,254,84.003,330.7,1.405,11.752,1.020,786,545,125
maurizioa,468,83.297,178.0,2.663,4.091,1.029,715,260,832
Mich74,740,82.954,112.1,9.029,2.664,23,78,4,2
walter1967sa,941,80.768,85.8,1.226,1.976,1.116,69,142,630
dieterdreist,759,79.420,104.6,2.757,2.267,1.807,423,119,133
LuSirto,2.353,79.208,33.7,1.776,9.195,1.353,977,735,498
Marco Pedro,128,77.794,607.8,20.427,266,58,258,3,2
imattia89,342,77.722,227.3,186,1.091,6.172,129,86,201
LvdT,513,76.723,149.6,1.938,3.587,727,601,72,307
Aury88,532,75.038,141.0,3.185,3.015,294,545,536,1.776
josil,130,71.481,549.9,647,1.772,1.988,58,107,1.661
vancori,537,68.894,128.3,380,3.196,63,129,149,128
Dante Torreggiani,3.267,67.415,20.6,397,3.811,1.339,169,850,185
Martj9,2.265,65.229,28.8,4.402,15.566,1.068,588,156,1.333
nuvolabianca,351,61.619,175.6,2.571,3.208,1.647,858,412,2.303
gigi2037,1.283,60.705,47.3,138,5.351,155,157,227,260
dgitto,799,60.127,75.3,2.723,5.965,233,824,31,164
osm_saint-louis,305,60.011,196.8,1.793,1.716,416,26,310,182
Cascafico,1.127,59.405,52.7,3.151,2.944,135,23.208,206,1.452
LaniusCollurio,140,58.719,419.4,1.876,4.605,149,225,68,170
user_4522222,89,58.365,655.8,275,892,550,94,15,95
arcanma,322,57.130,177.4,5.438,3.248,115,228,39,1.048
openpablo3,681,57.122,83.9,945,660,516,99,387,1.474
DnaX,1.009,54.449,54.0,3.577,3.717,510,569,139,95
Parma1983,89,53.994,606.7,2.177,1.738,466,892,7,1.277
LDG87,329,53.705,163.2,2.161,1.644,337,444,1.196,513
voschix,868,53.499,61.6,850,11.492,173,473,209,121
aza_thoth,307,53.010,172.7,1.868,1.216,1.453,102,373,1.124
misht,211,50.565,239.6,236,8.506,111,395,8,52
Constable,1.600,49.542,31.0,674,7.961,476,1.222,62,131
Marco Barbieri70,392,48.820,124.5,14,2.873,16,9,51,213
Gianfranco2014,295,48.551,164.6,183,5.209,511,78,304,222
PaoloRE1981,1.418,48.055,33.9,347,3.569,2.531,377,197,985
diegomodolo,297,47.496,159.9,477,3.470,3.066,385,133,612
osm_fede,321,46.436,144.7,4.301,2.696,66,577,8,45
frasty,427,46.243,108.3,608,3.080,291,234,342,164
kkklllppp,513,45.819,89.3,3.689,4.954,132,446,13,171
jackthebest,542,45.628,84.2,38,2.510,21,109,136,93
Gh0stz0x,591,45.482,77.0,4.496,1.133,33,307,33,68
Carlo Magistrali,100,45.482,454.8,51,141,243,58,7,192
Pathumthani,4.106,44.933,10.9,711,2.632,996,521,82,1.071
sbiribizio,90,42.870,476.3,687,2.606,71,24,46,16
tyr_asd,367,42.605,116.1,1.506,1.392,702,192,76,136
hypersciocco,670,41.001,61.2,224,18.043,99,107,248,19
Mateusz Konieczny,60,40.841,680.7,7,3,2,17,0,0
popilen,1.095,40.601,37.1,2.332,640,69,922,835,288
pigio66,593,40.525,68.3,1.039,4.336,306,340,256,491
jimmy_conway,234,39.818,170.2,1.855,2.125,467,173,17,79
mau59,337,39.798,118.1,837,2.782,85,99,8,4
MarcoR,483,39.160,81.1,2.803,2.412,182,329,49,600
Carmelo Cristian Scebba,111,38.572,347.5,3.474,222,34,13,0,9
Max1234-ITA,115,38.438,334.2,1.458,1.066,759,31,10,367
Angelo Giuseppe,956,37.708,39.4,1.528,3.159,47,629,340,124
Mannivu,2.521,37.521,14.9,1.582,8.834,110,888,346,108
sabas88,212,36.830,173.7,453,860,79,116,11,60
Wolfgang Mück,351,35.945,102.4,404,2.746,27,73,49,28
Andrea Del Sarto,2.117,35.903,17.0,298,4.853,87,195,80,24
vrmap,571,35.671,62.5,929,6.173,445,404,109,66
solitone,263,35.209,133.9,64,3.197,15,47,44,69
gionax,1.450,34.673,23.9,1.024,2.554,110,1.442,232,383
Elia Z,496,34.202,69.0,487,3.397,164,15,10,41
_Andrea_,656,34.187,52.1,1.360,2.513,102,587,27,33
