user,changesets,total_objects,avg_objects_per_cs,buildings,highways,landuse,amenities,waterways,naturals
billi55,21.547,339.620,15.8,7.072,1.773,13.123,701,48,45.545
demon_box,8.653,140.737,16.3,11.274,12.673,2.151,3.867,6.484,3.343
Francoerbi41,4.380,168.120,38.4,1.765,12.181,637,1.918,6.868,713
Pathumthani,4.106,44.933,10.9,711,2.632,996,521,82,1.071
aldoct,3.660,450.465,123.1,2.528,29.508,814,488,4.621,1.449
CAI Salò,3.653,15.279,4.2,315,2.009,163,133,27,56
Dante Torreggiani,3.267,67.415,20.6,397,3.811,1.339,169,850,185
cxc,2.823,152.596,54.1,6.192,8.427,860,905,326,754
mircozorzo,2.777,31.215,11.2,659,5.129,62,750,14,79
fedc,2.608,209.574,80.4,2.758,16.680,3.724,782,1.142,841
Mannivu,2.521,37.521,14.9,1.582,8.834,110,888,346,108
LuSirto,2.353,79.208,33.7,1.776,9.195,1.353,977,735,498
achim becker,2.345,243.676,103.9,561,977,2.205,134,1.166,12.016
Martj9,2.265,65.229,28.8,4.402,15.566,1.068,588,156,1.333
Ale_Zena_IT,2.181,318.844,146.2,6.541,31.117,216,2.310,124,299
Pepilepioux,2.118,3.420,1.6,10,2.253,0,0,76,2
Andrea Del Sarto,2.117,35.903,17.0,298,4.853,87,195,80,24
usbe,1.959,85.464,43.6,3.426,6.649,390,594,142,244
sorcrosc,1.831,269.233,147.0,4.252,28.140,828,1.711,153,166
mcheckimport,1.778,1.316.707,740.6,31.370,20.542,10.810,1.548,832,2.169
mcheck,1.711,676.125,395.2,41.584,19.565,4.706,1.864,709,631
Constable,1.600,49.542,31.0,674,7.961,476,1.222,62,131
BeboPremana,1.598,18.083,11.3,626,1.130,567,209,709,825
Danysan95,1.510,16.175,10.7,730,2.402,100,654,251,53
gionax,1.450,34.673,23.9,1.024,2.554,110,1.442,232,383
PaoloRE1981,1.418,48.055,33.9,347,3.569,2.531,377,197,985
bvivi,1.357,9.425,6.9,566,1.117,120,53,48,49
luschi,1.305,24.064,18.4,817,4.077,386,317,186,158
Sauro_41,1.295,12.846,9.9,956,1.426,93,101,2,54
gigi2037,1.283,60.705,47.3,138,5.351,155,157,227,260
spietsnaz,1.278,16.561,13.0,167,748,493,110,61,373
Alecs01,1.216,392.626,322.9,51.442,16.386,6.212,5.292,414,4.897
Fra00,1.197,171.094,142.9,5.305,13.273,771,532,74,220
Riccardo Pastocchi,1.195,86.596,72.5,7.899,5.488,118,1.056,4,380
Guidus,1.193,30.766,25.8,3.784,988,204,966,88,65
Michele Aquilani,1.170,515.724,440.8,61.646,9.631,789,1.232,129,1.050
Cascafico,1.127,59.405,52.7,3.151,2.944,135,23.208,206,1.452
popilen,1.095,40.601,37.1,2.332,640,69,922,835,288
Lex legis,1.082,8.825,8.2,100,547,216,108,89,202
corfede,1.057,184.099,174.2,11.891,15.952,1.041,1.295,139,535
dforsi,1.055,3.656,3.5,318,325,47,341,15,36
user_7073950,1.012,15.102,14.9,702,1.918,90,490,12,18
DnaX,1.009,54.449,54.0,3.577,3.717,510,569,139,95
dvdzero,987,15.152,15.4,349,4.404,193,353,40,21
alessandro trekking,987,25.705,26.0,307,1.351,134,252,80,107
Max Tenerelli,979,645.062,658.9,540,8.613,3.522,234,534,8.623
Dingo67,971,7.294,7.5,8,2.221,22,13,21,3
Pucciotrex30,969,14.895,15.4,44,1.524,140,14,20,43
Angelo Giuseppe,956,37.708,39.4,1.528,3.159,47,629,340,124
walter1967sa,941,80.768,85.8,1.226,1.976,1.116,69,142,630
Mzzntn,931,20.272,21.8,642,4.257,284,577,2,92
bubix,895,13.839,15.5,1.251,1.614,103,439,115,137
canfe,888,3.151,3.5,147,822,37,283,2,28
LorenzoPesci,870,23.335,26.8,2.305,897,133,523,66,169
voschix,868,53.499,61.6,850,11.492,173,473,209,121
datamove,866,19.030,22.0,10,11.347,16,6,0,3
claudio62PG,855,22.475,26.3,789,1.401,88,759,13,839
Dino Michelini,834,218.947,262.5,10.823,9.004,1.836,498,224,976
Pab09,822,351.207,427.3,40.216,5.836,505,531,164,120
totera,816,26.798,32.8,1.300,7.121,516,580,103,317
ratrun,800,2.588,3.2,17,951,9,4,3,1
dgitto,799,60.127,75.3,2.723,5.965,233,824,31,164
Tozzo,790,17.587,22.3,314,1.144,387,156,37,109
IlBano,789,547.493,693.9,43.487,29.393,1.092,562,683,602
dieterdreist,759,79.420,104.6,2.757,2.267,1.807,423,119,133
Leonorf,746,85.925,115.2,4,3.161,49,7,15,26
Map47,741,7.660,10.3,295,408,453,95,46,172
Mich74,740,82.954,112.1,9.029,2.664,23,78,4,2
Yiyi (itwikipedia),732,19.710,26.9,821,2.476,164,330,19,493
jeawrong,705,32.664,46.3,1.822,2.506,182,402,73,1.791
TITOTITOTITO,694,11.159,16.1,43,916,5,27,124,28
JPMichael,686,278.952,406.6,35.648,276,366,256,1,31
openpablo3,681,57.122,83.9,945,660,516,99,387,1.474
Andrea Musuruane,674,17.712,26.3,240,1.911,41,587,33,15
hypersciocco,670,41.001,61.2,224,18.043,99,107,248,19
demetrio_m,662,5.734,8.7,112,1.301,21,131,5,82
NonnEmilia,659,7.614,11.6,457,1.665,118,307,18,228
_Andrea_,656,34.187,52.1,1.360,2.513,102,587,27,33
marco_camagni,648,2.320,3.6,0,1.625,6,0,1,2
AlfredoSP,636,11.228,17.7,4,2.317,7,0,3,9
scratera,631,15.255,24.2,1.206,430,24,192,4,22
Humus015,626,2.992,4.8,202,135,4,638,2,1
Griphon,623,22.103,35.5,1.149,1.729,197,713,21,342
Agh,610,16.174,26.5,447,813,3,91,57,147
Gabriele Dri,609,21.558,35.4,76,4.414,282,928,8,197
Fabiano Peddis,602,13.485,22.4,295,1.496,87,79,1,18
dan980,598,612.899,1024.9,7.834,41.660,5.063,703,10.583,319
pigio66,593,40.525,68.3,1.039,4.336,306,340,256,491
Gh0stz0x,591,45.482,77.0,4.496,1.133,33,307,33,68
spezzi64,586,12.257,20.9,152,508,134,19,74,75
vitoplus,574,17.459,30.4,2.559,1.564,8,176,5,3
vrmap,571,35.671,62.5,929,6.173,445,404,109,66
ParsifalRob,568,14.958,26.3,206,3.341,66,157,1,21
ATOM_1971,565,3.569,6.3,80,667,143,144,0,100
mingo23,564,10.709,19.0,1.100,568,18,476,0,57
laser82,549,24.768,45.1,626,5.008,40,398,10,157
vopa72,547,3.122,5.7,63,123,198,56,0,157
EneaSuper,545,15.134,27.8,573,3.030,172,501,13,192
jackthebest,542,45.628,84.2,38,2.510,21,109,136,93
vancori,537,68.894,128.3,380,3.196,63,129,149,128
